<?xml version="1.0"?>
<slideshow>
	<documentinfo>
		<author>GOOSE SOFTWARE DEVELOPMENT COMPANY LTD</author>
		<datemodified>25/02/20</datemodified>
		<version>1.0</version>
		<totalslides>20</totalslides>
		<comment>Slideshow presentation "Interactive Learning Application" to aid students to learn complex topics and facts.</comment>
	</documentinfo>
	<defaults>
		<backgroundcolor>Black</backgroundcolor>
		<font>Arial</font>
		<fontsize>24</fontsize>
		<fontcolor>Black</fontcolor>
		<linecolor>Black</linecolor>
		<fillcolor>Black</fillcolor>
		<slidewidth>1280</slidewidth>
		<slideheight>720</slideheight>
	</defaults>
	<slide>
		<id>Home</id>
		<duration>60</duration>
		<text>
			HELLO
			<font>Arial</font>
			<fontsize>24</fontsize>
			<fontcolor>Black</fontcolor>
			<xpos>0</xpos>
			<ypos>0</ypos>
			<starttime>0</starttime>
			<endtime>0</endtime>
			<b>Bingo</b>
			<i>Bongo</i>
		</text>
		<line>
			<xstart>0</xstart>
			<ystart>0</ystart>
			<xend>100</xend>
			<yend>100</yend>
			<linecolor>Black</linecolor>
			<starttime>0</starttime>
			<endtime>100</endtime>
		</line>
		<shape>
			<type> rectangle </type>
			<xstart>0</xstart>
			<ystart>0</ystart>
			<width>1280</width>
			<height>720</height>
			<fillcolor>Black</fillcolor>
			<starttime>0</starttime>
			<endtime>100</endtime>
			<shading>
				<x1>0</x1>
				<y1>0</y1>
				<color1>Black</color1>
				<x2>100</x2>
				<y2>100</y2>
				<color2>Black</color2>
				<cyclic>True</cyclic>
			</shading>
		</shape>
		<audio>
			<urlname>"src/audio"</urlname>
			<starttime>0</starttime>
			<loop>true</loop>
		</audio>
		<image>
			<urlname>"src/images</urlname>
			<xstart>0</xstart>
			<ystart>0</ystart>
			<width>1280</width>
			<height>720</height>
			<starttime>0</starttime>
			<endtime>100</endtime>
		</image>
		<video>
			<urlname>"src/video"</urlname>
			<starttime>0</starttime>
			<loop>false</loop>
			<xstart>0</xstart>
		</video>
	</slide>
		<slide>
		<id>Main</id>
		<duration>60</duration>
		<text>
			<font>Arial</font>
			<fontsize>24</fontsize>
			<fontcolor>Black</fontcolor>
			<xpos>0</xpos>
			<ypos>0</ypos>
			<starttime>0</starttime>
			<endtime>0</endtime>
			<b>Bingo</b>
			<i>Bongo</i>
		</text>
		<line>
			<xstart>0</xstart>
			<ystart>0</ystart>
			<xend>100</xend>
			<yend>100</yend>
			<linecolor>Black</linecolor>
			<starttime>0</starttime>
			<endtime>100</endtime>
		</line>
		<shape>
			<type> rectangle </type>
			<xstart>0</xstart>
			<ystart>0</ystart>
			<width>1280</width>
			<height>720</height>
			<fillcolor>Black</fillcolor>
			<starttime>0</starttime>
			<endtime>100</endtime>
			<shading>
				<x1>0</x1>
				<y1>0</y1>
				<color1>Black</color1>
				<x2>100</x2>
				<y2>100</y2>
				<color2>Black</color2>
				<cyclic>True</cyclic>
			</shading>
		</shape>
		<audio>
			<urlname>"src/audio"</urlname>
			<starttime>0</starttime>
			<loop>true</loop>
		</audio>
		<image>
			<urlname>"src/images</urlname>
			<xstart>0</xstart>
			<ystart>0</ystart>
			<width>1280</width>
			<height>720</height>
			<starttime>0</starttime>
			<endtime>100</endtime>
		</image>
		<video>
			<urlname>"src/video"</urlname>
			<starttime>0</starttime>
			<loop>false</loop>
			<xstart>0</xstart>
		</video>
	</slide>
		<slide>
		<id>1</id>
		<duration>60</duration>
		<text>
			<font>Arial</font>
			<fontsize>24</fontsize>
			<fontcolor>Black</fontcolor>
			<xpos>0</xpos>
			<ypos>0</ypos>
			<starttime>0</starttime>
			<endtime>0</endtime>
			<b>Bingo</b>
			<i>Bongo</i>
		</text>
		<line>
			<xstart>0</xstart>
			<ystart>0</ystart>
			<xend>100</xend>
			<yend>100</yend>
			<linecolor>Black</linecolor>
			<starttime>0</starttime>
			<endtime>100</endtime>
		</line>
		<shape>
			<type>rectangle</type>
			<xstart>0</xstart>
			<ystart>0</ystart>
			<width>1280</width>
			<height>720</height>
			<fillcolor>Black</fillcolor>
			<starttime>0</starttime>
			<endtime>100</endtime>
			<shading>
				<x1>0</x1>
				<y1>0</y1>
				<color1>Black</color1>
				<x2>100</x2>
				<y2>100</y2>
				<color2>Black</color2>
				<cyclic>True</cyclic>
			</shading>
		</shape>
		<audio>
			<urlname>"src/audio"</urlname>
			<starttime>0</starttime>
			<loop>true</loop>
		</audio>
		<image>
			<urlname>"src/images</urlname>
			<xstart>0</xstart>
			<ystart>0</ystart>
			<width>1280</width>
			<height>720</height>
			<starttime>0</starttime>
			<endtime>100</endtime>
		</image>
		<video>
			<urlname>"src/video"</urlname>
			<starttime>0</starttime>
			<loop>false</loop>
			<xstart>0</xstart>
		</video>
	</slide>
		<slide>
		<id>2</id>
		<duration>60</duration>
		<text>
			<font>Arial</font>
			<fontsize>24</fontsize>
			<fontcolor>Black</fontcolor>
			<xpos>0</xpos>
			<ypos>0</ypos>
			<starttime>0</starttime>
			<endtime>0</endtime>
			<b>Bingo</b>
			<i>Bongo</i>
		</text>
		<line>
			<xstart>0</xstart>
			<ystart>0</ystart>
			<xend>100</xend>
			<yend>100</yend>
			<linecolor>Black</linecolor>
			<starttime>0</starttime>
			<endtime>100</endtime>
		</line>
		<shape>
			<type>rectangle</type>
			<xstart>0</xstart>
			<ystart>0</ystart>
			<width>1280</width>
			<height>720</height>
			<fillcolor>Black</fillcolor>
			<starttime>0</starttime>
			<endtime>100</endtime>
			<shading>
				<x1>0</x1>
				<y1>0</y1>
				<color1>Black</color1>
				<x2>100</x2>
				<y2>100</y2>
				<color2>Black</color2>
				<cyclic>True</cyclic>
			</shading>
		</shape>
		<audio>
			<urlname>"src/audio"</urlname>
			<starttime>0</starttime>
			<loop>true</loop>
		</audio>
		<image>
			<urlname>"src/images</urlname>
			<xstart>0</xstart>
			<ystart>0</ystart>
			<width>1280</width>
			<height>720</height>
			<starttime>0</starttime>
			<endtime>100</endtime>
		</image>
		<video>
			<urlname>"src/video"</urlname>
			<starttime>0</starttime>
			<loop>false</loop>
			<xstart>0</xstart>
		</video>
	</slide>
</slideshow>
